<?xml version="1.0" encoding="UTF-8"?>
<beans xmlns="http://www.springframework.org/schema/beans"
	xmlns:xsi="http://www.w3.org/2001/XMLSchema-instance" 
	xmlns:mvc="http://www.springframework.org/schema/mvc"
	xmlns:aop="http://www.springframework.org/schema/aop"	
	xmlns:task="http://www.springframework.org/schema/task"
	xmlns:context="http://www.springframework.org/schema/context" 
	xsi:schemaLocation="http://www.springframework.org/schema/mvc 
		http://www.springframework.org/schema/mvc/spring-mvc-4.0.xsd
		http://www.springframework.org/schema/beans 
		http://www.springframework.org/schema/beans/spring-beans.xsd
		http://www.springframework.org/schema/aop 
		http://www.springframework.org/schema/aop/spring-aop.xsd 
		http://www.springframework.org/schema/context 
		http://www.springframework.org/schema/context/spring-context.xsd
		http://www.springframework.org/schema/task 
        http://www.springframework.org/schema/task/spring-task.xsd ">

	<mvc:annotation-driven />	
	<mvc:resources mapping="/resources/**" location="/resources/" />
	
	<context:annotation-config />
    <context:component-scan base-package="exceltocsv.controller, files.controller">
    	<context:include-filter type="annotation" expression="org.aspectj.lang.annotation.Aspect"/>
   	</context:component-scan>  
	
    <aop:aspectj-autoproxy />
    
  
    
   	   <bean id="viewResolver1" class="org.springframework.web.servlet.view.ResourceBundleViewResolver">
        <property name="order" value="1"/>
        <property name="basename" value="views"/>
    </bean>
    
  
    
   	<bean
		class="org.springframework.web.servlet.view.InternalResourceViewResolver">
		<property name="order" value="2"/>
		<property name="prefix" value="/WEB-INF/views/jsp/" />
		<property name="suffix" value=".jsp" />
	</bean>
	
	

	<!-- Scheduler Annotation -->
	<task:annotation-driven />
	
	<bean id="multipartResolver"
		class="org.springframework.web.multipart.commons.CommonsMultipartResolver">
		<!-- max upload size in bytes -->
        <property name="maxUploadSize" value="107924868" /> <!-- 20MB -->
         
        <!-- max size of file in memory (in bytes) -->
        <property name="maxInMemorySize" value="3048576" /> <!-- 1MB -->
    </bean>

</beans>