{"id":"26846f6a-5148-11ea-b10b-b8ac6fbe44f6","name":"otsi-demo","key":"otsi-demo","description":"otsi-demo process","editorJson":{"modelId":"26846f6a-5148-11ea-b10b-b8ac6fbe44f6","bounds":{"lowerRight":{"x":1223,"y":1050},"upperLeft":{"x":0,"y":0}},"properties":{"process_id":"otsi-demo","name":"otsi-demo","documentation":"otsi-demo process","process_author":"","process_version":"","process_namespace":"http://www.flowable.org/processdef","process_historylevel":"","isexecutable":true,"dataproperties":"","executionlisteners":"","eventlisteners":"","signaldefinitions":"","messagedefinitions":"","process_potentialstarteruser":"","process_potentialstartergroup":"","iseagerexecutionfetch":"false"},"childShapes":[{"resourceId":"startEvent1","properties":{"overrideid":"start","name":"start","documentation":"","executionlisteners":"","initiator":"","formkeydefinition":"","formreference":{"id":"53dd044b-5148-11ea-b10b-b8ac6fbe44f6","name":"otsi-demo input","key":"otsi-demoinput"},"formproperties":""},"stencil":{"id":"StartNoneEvent"},"childShapes":[],"outgoing":[{"resourceId":"sid-C66F68C2-70B8-42FC-AB66-7D0CAF7790EE"}],"bounds":{"lowerRight":{"x":130,"y":193},"upperLeft":{"x":100,"y":163}},"dockers":[]},{"resourceId":"sid-595404C0-567B-4728-8B0A-97D06F0B7CC0","properties":{"overrideid":"officer1","name":"officer1","documentation":"","asynchronousdefinition":"false","exclusivedefinition":"false","executionlisteners":"","multiinstance_type":"None","multiinstance_cardinality":"","multiinstance_collection":"","multiinstance_variable":"","multiinstance_condition":"","isforcompensation":"false","usertaskassignment":{"assignment":{"type":"idm","initiatorCanCompleteTask":true,"idm":{"type":"initiator"}}},"formkeydefinition":"","formreference":{"id":"30ee56ed-5149-11ea-b10b-b8ac6fbe44f6","name":"officer1 input form","key":"officer1inputform"},"duedatedefinition":"","prioritydefinition":"","formproperties":"","tasklisteners":"","skipexpression":"","categorydefinition":""},"stencil":{"id":"UserTask"},"childShapes":[],"outgoing":[{"resourceId":"sid-C341A440-6EDA-413D-9060-F3DD7500076F"}],"bounds":{"lowerRight":{"x":275,"y":218},"upperLeft":{"x":175,"y":138}},"dockers":[]},{"resourceId":"sid-C66F68C2-70B8-42FC-AB66-7D0CAF7790EE","properties":{"overrideid":"","name":"","documentation":"","conditionsequenceflow":"","executionlisteners":"","defaultflow":"false","skipexpression":""},"stencil":{"id":"SequenceFlow"},"childShapes":[],"outgoing":[{"resourceId":"sid-595404C0-567B-4728-8B0A-97D06F0B7CC0"}],"bounds":{"lowerRight":{"x":174.15625,"y":178},"upperLeft":{"x":130.609375,"y":178}},"dockers":[{"x":15,"y":15},{"x":50,"y":40}],"target":{"resourceId":"sid-595404C0-567B-4728-8B0A-97D06F0B7CC0"}},{"resourceId":"sid-0CC83CF2-9B80-4E63-9338-BE0721D88602","properties":{"overrideid":"officer1 decision","name":"officer1 approved","documentation":"","asynchronousdefinition":"false","exclusivedefinition":"false","sequencefloworder":null},"stencil":{"id":"ExclusiveGateway"},"childShapes":[],"outgoing":[{"resourceId":"sid-1898653B-62EA-4872-B017-D086AE1B9F5D"},{"resourceId":"sid-14866294-9A5E-46C7-B1DE-73463C91C969"}],"bounds":{"lowerRight":{"x":360,"y":198},"upperLeft":{"x":320,"y":158}},"dockers":[]},{"resourceId":"sid-C9E5F988-DB42-4C2E-B181-BCC9353BAE03","properties":{"overrideid":"","name":"officer2","documentation":"","asynchronousdefinition":"false","exclusivedefinition":"false","executionlisteners":"","multiinstance_type":"None","multiinstance_cardinality":"","multiinstance_collection":"","multiinstance_variable":"","multiinstance_condition":"","isforcompensation":"false","usertaskassignment":{"assignment":{"type":"idm","initiatorCanCompleteTask":true,"idm":{"type":"initiator"}}},"formkeydefinition":"","formreference":{"id":"30ee56ed-5149-11ea-b10b-b8ac6fbe44f6","name":"officer1 input form","key":"officer1inputform"},"duedatedefinition":"","prioritydefinition":"","formproperties":"","tasklisteners":"","skipexpression":"","categorydefinition":""},"stencil":{"id":"UserTask"},"childShapes":[],"outgoing":[{"resourceId":"sid-46D91F23-479C-4CAA-B854-A9392C915B64"}],"bounds":{"lowerRight":{"x":535,"y":218},"upperLeft":{"x":435,"y":138}},"dockers":[]},{"resourceId":"sid-C341A440-6EDA-413D-9060-F3DD7500076F","properties":{"overrideid":"flow1","name":"flow1","documentation":"","conditionsequenceflow":{"expression":{"type":"static","staticValue":""}},"executionlisteners":"","defaultflow":"false","skipexpression":""},"stencil":{"id":"SequenceFlow"},"childShapes":[],"outgoing":[{"resourceId":"sid-0CC83CF2-9B80-4E63-9338-BE0721D88602"}],"bounds":{"lowerRight":{"x":319.64844687000755,"y":178.4097335362338},"upperLeft":{"x":275.62889687999245,"y":178.2191727137662}},"dockers":[{"x":50,"y":40},{"x":20.5,"y":20.5}],"target":{"resourceId":"sid-0CC83CF2-9B80-4E63-9338-BE0721D88602"}},{"resourceId":"sid-A32CC7D9-6092-47CF-9668-141B49A0CA48","properties":{"overrideid":"","name":"","documentation":"","executionlisteners":""},"stencil":{"id":"EndNoneEvent"},"childShapes":[],"outgoing":[],"bounds":{"lowerRight":{"x":533,"y":54},"upperLeft":{"x":505,"y":26}},"dockers":[]},{"resourceId":"sid-4529199B-7D82-420E-B76C-5CD19A449F97","properties":{"overrideid":"","name":"","documentation":"","conditionsequenceflow":"","executionlisteners":"","defaultflow":"false","skipexpression":""},"stencil":{"id":"SequenceFlow"},"childShapes":[],"outgoing":[{"resourceId":"sid-A32CC7D9-6092-47CF-9668-141B49A0CA48"}],"bounds":{"lowerRight":{"x":504.375,"y":40},"upperLeft":{"x":460.390625,"y":40}},"dockers":[{"x":50,"y":40},{"x":14,"y":14}],"target":{"resourceId":"sid-A32CC7D9-6092-47CF-9668-141B49A0CA48"}},{"resourceId":"sid-499C9807-2CB7-4FA9-87B5-D9DBC5633453","properties":{"overrideid":"reject","name":"reject1","documentation":"","asynchronousdefinition":"false","exclusivedefinition":"false","executionlisteners":"","multiinstance_type":"None","multiinstance_cardinality":"","multiinstance_collection":"","multiinstance_variable":"","multiinstance_condition":"","isforcompensation":"false","mailtaskheaders":"","mailtaskto":"madhu.akula61@gmail.com","mailtaskfrom":"madhu.akula61@gmail.com","mailtasksubject":"","mailtaskcc":"","mailtaskbcc":"","mailtasktext":"Hello flowable","mailtaskhtml":"Hi,\nFlowable you are rejected by officer1","mailtaskcharset":"","type":"http://b3mn.org/stencilset/bpmn2.0#UserTask","usertaskassignment":"","formkeydefinition":"","formreference":"","duedatedefinition":"","prioritydefinition":"","formproperties":"","tasklisteners":"","skipexpression":"","categorydefinition":""},"stencil":{"id":"MailTask"},"childShapes":[],"outgoing":[{"resourceId":"sid-4529199B-7D82-420E-B76C-5CD19A449F97"}],"bounds":{"lowerRight":{"x":460,"y":80},"upperLeft":{"x":360,"y":0}},"dockers":[]},{"resourceId":"sid-32FD85D1-0A15-457B-BFAC-F3C61D1B9F55","properties":{"overrideid":"","name":"","documentation":"","asynchronousdefinition":"false","exclusivedefinition":"false","sequencefloworder":""},"stencil":{"id":"ExclusiveGateway"},"childShapes":[],"outgoing":[{"resourceId":"sid-E2CBA850-741C-436F-A9DC-31B9A566FDB3"},{"resourceId":"sid-1083CD8D-5797-4FB1-8FA5-1FA280692B78"}],"bounds":{"lowerRight":{"x":640,"y":198},"upperLeft":{"x":600,"y":158}},"dockers":[]},{"resourceId":"sid-15D03B62-C4AC-4FF8-9E18-201FDD862D82","properties":{"overrideid":"","name":"officer3","documentation":"","asynchronousdefinition":"false","exclusivedefinition":"false","executionlisteners":"","multiinstance_type":"None","multiinstance_cardinality":"","multiinstance_collection":"","multiinstance_variable":"","multiinstance_condition":"","isforcompensation":"false","usertaskassignment":{"assignment":{"type":"idm","initiatorCanCompleteTask":true,"idm":{"type":"initiator"}}},"formkeydefinition":"","formreference":{"id":"30ee56ed-5149-11ea-b10b-b8ac6fbe44f6","name":"officer1 input form","key":"officer1inputform"},"duedatedefinition":"","prioritydefinition":"","formproperties":"","tasklisteners":"","skipexpression":"","categorydefinition":""},"stencil":{"id":"UserTask"},"childShapes":[],"outgoing":[{"resourceId":"sid-9D04C237-9495-4530-A802-43C64A6A189C"}],"bounds":{"lowerRight":{"x":805,"y":215},"upperLeft":{"x":705,"y":135}},"dockers":[]},{"resourceId":"sid-977BDCD5-F175-4EA2-9C99-A3C84C48D626","properties":{"overrideid":"","name":"","documentation":"","executionlisteners":""},"stencil":{"id":"EndNoneEvent"},"childShapes":[],"outgoing":[],"bounds":{"lowerRight":{"x":743,"y":54},"upperLeft":{"x":715,"y":26}},"dockers":[]},{"resourceId":"sid-B2D35805-D70E-4FD0-806B-669A7278417F","properties":{"overrideid":"","name":"","documentation":"","conditionsequenceflow":"","executionlisteners":"","defaultflow":"false","skipexpression":""},"stencil":{"id":"SequenceFlow"},"childShapes":[],"outgoing":[{"resourceId":"sid-977BDCD5-F175-4EA2-9C99-A3C84C48D626"}],"bounds":{"lowerRight":{"x":714.375,"y":40},"upperLeft":{"x":670.390625,"y":40}},"dockers":[{"x":50,"y":40},{"x":14,"y":14}],"target":{"resourceId":"sid-977BDCD5-F175-4EA2-9C99-A3C84C48D626"}},{"resourceId":"sid-85D47C60-E2A7-45E4-B9E8-1CD1D700ECA4","properties":{"overrideid":"","name":"rejected2","documentation":"","asynchronousdefinition":"false","exclusivedefinition":"false","executionlisteners":"","multiinstance_type":"None","multiinstance_cardinality":"","multiinstance_collection":"","multiinstance_variable":"","multiinstance_condition":"","isforcompensation":"false","mailtaskheaders":"","mailtaskto":"madhu.akula61@gmail.com","mailtaskfrom":"madhu.akula61@gmail.com","mailtasksubject":"officer2","mailtaskcc":"","mailtaskbcc":"","mailtasktext":"","mailtaskhtml":"Hi Flowable,\nyour are rejected by officer2","mailtaskcharset":"","type":"http://b3mn.org/stencilset/bpmn2.0#UserTask","usertaskassignment":"","formkeydefinition":"","formreference":"","duedatedefinition":"","prioritydefinition":"","formproperties":"","tasklisteners":"","skipexpression":"","categorydefinition":""},"stencil":{"id":"MailTask"},"childShapes":[],"outgoing":[{"resourceId":"sid-B2D35805-D70E-4FD0-806B-669A7278417F"}],"bounds":{"lowerRight":{"x":670,"y":80},"upperLeft":{"x":570,"y":0}},"dockers":[]},{"resourceId":"sid-A2C560B3-B6AE-4B95-8679-598066149BF5","properties":{"overrideid":"","name":"","documentation":"","asynchronousdefinition":"false","exclusivedefinition":"false","sequencefloworder":""},"stencil":{"id":"ExclusiveGateway"},"childShapes":[],"outgoing":[{"resourceId":"sid-99B70C37-68BD-43F5-A024-11D7D6139D8C"},{"resourceId":"sid-38B0BB30-C25F-4F57-B55B-CD89402D4CF3"}],"bounds":{"lowerRight":{"x":895,"y":190},"upperLeft":{"x":855,"y":150}},"dockers":[]},{"resourceId":"sid-E117254C-7938-48E5-AACC-5538D48E612F","properties":{"overrideid":"","name":"success","documentation":"","asynchronousdefinition":"false","exclusivedefinition":"false","executionlisteners":"","multiinstance_type":"None","multiinstance_cardinality":"","multiinstance_collection":"","multiinstance_variable":"","multiinstance_condition":"","isforcompensation":"false","mailtaskheaders":"","mailtaskto":"madhu.akula61@gmail.com","mailtaskfrom":"madhu.akula61@gmail.com","mailtasksubject":"success","mailtaskcc":"","mailtaskbcc":"","mailtasktext":"","mailtaskhtml":"Hi,\nyour visa process was approved","mailtaskcharset":"","type":"http://b3mn.org/stencilset/bpmn2.0#UserTask","usertaskassignment":"","formkeydefinition":"","formreference":"","duedatedefinition":"","prioritydefinition":"","formproperties":"","tasklisteners":"","skipexpression":"","categorydefinition":""},"stencil":{"id":"MailTask"},"childShapes":[],"outgoing":[{"resourceId":"sid-8800DD7F-F69F-42E6-BA93-068947C1313A"}],"bounds":{"lowerRight":{"x":1045,"y":218},"upperLeft":{"x":945,"y":138}},"dockers":[]},{"resourceId":"sid-587C26D2-072C-4D06-BF97-61EE4F130F34","properties":{"overrideid":"","name":"rejected3","documentation":"","asynchronousdefinition":"false","exclusivedefinition":"false","executionlisteners":"","multiinstance_type":"None","multiinstance_cardinality":"","multiinstance_collection":"","multiinstance_variable":"","multiinstance_condition":"","isforcompensation":"false","mailtaskheaders":"","mailtaskto":"madhu.akula61@gmail.com","mailtaskfrom":"madhu.akula61@gmail.com","mailtasksubject":"officer3","mailtaskcc":"","mailtaskbcc":"","mailtasktext":"","mailtaskhtml":"Hi flowable,\n\nu r rejected by officer3","mailtaskcharset":"","type":"http://b3mn.org/stencilset/bpmn2.0#UserTask","usertaskassignment":"","formkeydefinition":"","formreference":"","duedatedefinition":"","prioritydefinition":"","formproperties":"","tasklisteners":"","skipexpression":"","categorydefinition":""},"stencil":{"id":"MailTask"},"childShapes":[],"outgoing":[{"resourceId":"sid-661B6CC3-D698-4F0D-9FF4-6579E42A2EFF"}],"bounds":{"lowerRight":{"x":925,"y":80},"upperLeft":{"x":825,"y":0}},"dockers":[]},{"resourceId":"sid-BF72CC1B-936D-46DB-B237-83A6A3AA0B5D","properties":{"overrideid":"","name":"","documentation":"","executionlisteners":""},"stencil":{"id":"EndNoneEvent"},"childShapes":[],"outgoing":[],"bounds":{"lowerRight":{"x":1009,"y":54},"upperLeft":{"x":981,"y":26}},"dockers":[]},{"resourceId":"sid-661B6CC3-D698-4F0D-9FF4-6579E42A2EFF","properties":{"overrideid":"","name":"","documentation":"","conditionsequenceflow":"","executionlisteners":"","defaultflow":"false","skipexpression":""},"stencil":{"id":"SequenceFlow"},"childShapes":[],"outgoing":[{"resourceId":"sid-BF72CC1B-936D-46DB-B237-83A6A3AA0B5D"}],"bounds":{"lowerRight":{"x":980.875,"y":40},"upperLeft":{"x":925.6875,"y":40}},"dockers":[{"x":50,"y":40},{"x":14,"y":14}],"target":{"resourceId":"sid-BF72CC1B-936D-46DB-B237-83A6A3AA0B5D"}},{"resourceId":"sid-A4AC74DA-58B7-4E95-A44C-0FB265A9B872","properties":{"overrideid":"","name":"","documentation":"","executionlisteners":""},"stencil":{"id":"EndNoneEvent"},"childShapes":[],"outgoing":[],"bounds":{"lowerRight":{"x":1123,"y":189},"upperLeft":{"x":1095,"y":161}},"dockers":[]},{"resourceId":"sid-8800DD7F-F69F-42E6-BA93-068947C1313A","properties":{"overrideid":"","name":"","documentation":"","conditionsequenceflow":"","executionlisteners":"","defaultflow":"false","skipexpression":""},"stencil":{"id":"SequenceFlow"},"childShapes":[],"outgoing":[{"resourceId":"sid-A4AC74DA-58B7-4E95-A44C-0FB265A9B872"}],"bounds":{"lowerRight":{"x":1094.6409710806472,"y":176.66119331791177},"upperLeft":{"x":1045.8746539193528,"y":175.37786918208823}},"dockers":[{"x":50,"y":40},{"x":14,"y":14}],"target":{"resourceId":"sid-A4AC74DA-58B7-4E95-A44C-0FB265A9B872"}},{"resourceId":"sid-46D91F23-479C-4CAA-B854-A9392C915B64","properties":{"overrideid":"","name":"flow2","documentation":"","conditionsequenceflow":"","executionlisteners":"","defaultflow":"false","skipexpression":"","showdiamondmarker":false},"stencil":{"id":"SequenceFlow"},"childShapes":[],"outgoing":[{"resourceId":"sid-32FD85D1-0A15-457B-BFAC-F3C61D1B9F55"}],"bounds":{"lowerRight":{"x":599.3867255581166,"y":178.42209123822184},"upperLeft":{"x":535.7538994418834,"y":178.18728376177816}},"dockers":[{"x":50,"y":40},{"x":20.5,"y":20.5}],"target":{"resourceId":"sid-32FD85D1-0A15-457B-BFAC-F3C61D1B9F55"}},{"resourceId":"sid-E2CBA850-741C-436F-A9DC-31B9A566FDB3","properties":{"overrideid":"flow2","name":"officer2 approved","documentation":"","conditionsequenceflow":{"expression":{"type":"static","staticValue":"${status==\"approved\"}"}},"executionlisteners":"","defaultflow":"false","skipexpression":""},"stencil":{"id":"SequenceFlow"},"childShapes":[],"outgoing":[{"resourceId":"sid-15D03B62-C4AC-4FF8-9E18-201FDD862D82"}],"bounds":{"lowerRight":{"x":704.44921875,"y":178.5},"upperLeft":{"x":640.0625,"y":175}},"dockers":[{"x":20.5,"y":20.5},{"x":647.5,"y":178.5},{"x":647.5,"y":175},{"x":50,"y":40}],"target":{"resourceId":"sid-15D03B62-C4AC-4FF8-9E18-201FDD862D82"}},{"resourceId":"sid-9D04C237-9495-4530-A802-43C64A6A189C","properties":{"overrideid":"","name":"flow3","documentation":"","conditionsequenceflow":"","executionlisteners":"","defaultflow":"false","skipexpression":""},"stencil":{"id":"SequenceFlow"},"childShapes":[],"outgoing":[{"resourceId":"sid-A2C560B3-B6AE-4B95-8679-598066149BF5"}],"bounds":{"lowerRight":{"x":855.672571573545,"y":173.09940036477968},"upperLeft":{"x":805.893834676455,"y":171.24044338522032}},"dockers":[{"x":50,"y":40},{"x":20.5,"y":20.5}],"target":{"resourceId":"sid-A2C560B3-B6AE-4B95-8679-598066149BF5"}},{"resourceId":"sid-1083CD8D-5797-4FB1-8FA5-1FA280692B78","properties":{"overrideid":"","name":"officer2 rejected","documentation":"","conditionsequenceflow":{"expression":{"type":"static","staticValue":"${status==\"rejected\"}"}},"executionlisteners":"","defaultflow":"false","skipexpression":""},"stencil":{"id":"SequenceFlow"},"childShapes":[],"outgoing":[{"resourceId":"sid-85D47C60-E2A7-45E4-B9E8-1CD1D700ECA4"}],"bounds":{"lowerRight":{"x":620.4260774152216,"y":158.02344401637728},"upperLeft":{"x":620.1461882097784,"y":80.49413410862272}},"dockers":[{"x":20.5,"y":20.5},{"x":50,"y":40}],"target":{"resourceId":"sid-85D47C60-E2A7-45E4-B9E8-1CD1D700ECA4"}},{"resourceId":"sid-1898653B-62EA-4872-B017-D086AE1B9F5D","properties":{"overrideid":"","name":"","documentation":"","conditionsequenceflow":{"expression":{"type":"static","staticValue":"${status==\"approved\"}"}},"executionlisteners":"","defaultflow":"false","skipexpression":""},"stencil":{"id":"SequenceFlow"},"childShapes":[],"outgoing":[{"resourceId":"sid-C9E5F988-DB42-4C2E-B181-BCC9353BAE03"}],"bounds":{"lowerRight":{"x":434.3281309864646,"y":178.43013356310195},"upperLeft":{"x":360.6914002635354,"y":178.17533518689805}},"dockers":[{"x":20.5,"y":20.5},{"x":50,"y":40}],"target":{"resourceId":"sid-C9E5F988-DB42-4C2E-B181-BCC9353BAE03"}},{"resourceId":"sid-14866294-9A5E-46C7-B1DE-73463C91C969","properties":{"overrideid":"","name":"officer1 rejected","documentation":"","conditionsequenceflow":{"expression":{"type":"static","staticValue":"${status==\"rejected\"}"}},"executionlisteners":"","defaultflow":"false","skipexpression":""},"stencil":{"id":"SequenceFlow"},"childShapes":[],"outgoing":[{"resourceId":"sid-499C9807-2CB7-4FA9-87B5-D9DBC5633453"}],"bounds":{"lowerRight":{"x":408.04561309651433,"y":158},"upperLeft":{"x":340.5,"y":80.55352824732803}},"dockers":[{"x":20.5,"y":20.5},{"x":340.5,"y":126.5},{"x":406,"y":123},{"x":50,"y":40}],"target":{"resourceId":"sid-499C9807-2CB7-4FA9-87B5-D9DBC5633453"}},{"resourceId":"sid-99B70C37-68BD-43F5-A024-11D7D6139D8C","properties":{"overrideid":"","name":"officer3 approved","documentation":"","conditionsequenceflow":{"expression":{"type":"static","staticValue":"${status=\"approved\"}"}},"executionlisteners":"","defaultflow":"false","skipexpression":""},"stencil":{"id":"SequenceFlow"},"childShapes":[],"outgoing":[{"resourceId":"sid-E117254C-7938-48E5-AACC-5538D48E612F"}],"bounds":{"lowerRight":{"x":944.78125,"y":178},"upperLeft":{"x":895.96875,"y":170.5}},"dockers":[{"x":20.5,"y":20.5},{"x":920,"y":170.5},{"x":920,"y":178},{"x":50,"y":40}],"target":{"resourceId":"sid-E117254C-7938-48E5-AACC-5538D48E612F"}},{"resourceId":"sid-38B0BB30-C25F-4F57-B55B-CD89402D4CF3","properties":{"overrideid":"","name":"officer3 rejected","documentation":"","conditionsequenceflow":{"expression":{"type":"static","staticValue":"${status==\"rejected\"}"}},"executionlisteners":"","defaultflow":"false","skipexpression":""},"stencil":{"id":"SequenceFlow"},"childShapes":[],"outgoing":[{"resourceId":"sid-587C26D2-072C-4D06-BF97-61EE4F130F34"}],"bounds":{"lowerRight":{"x":875.4180436104973,"y":149.1093823397997},"upperLeft":{"x":875.1561751395027,"y":80.7617114102003}},"dockers":[{"x":20.5,"y":20.5},{"x":50,"y":40}],"target":{"resourceId":"sid-587C26D2-072C-4D06-BF97-61EE4F130F34"}}],"stencil":{"id":"BPMNDiagram"},"stencilset":{"namespace":"http://b3mn.org/stencilset/bpmn2.0#","url":"../editor/stencilsets/bpmn2.0/bpmn2.0.json"}}}