{"id":"ca6917b7-ea9d-11e8-814d-a2b109fe473a","name":"Input Loan Data","key":"inputLoanData","description":"","editorJson":{"name":"Input Loan Data","key":"inputLoanData","version":0,"fields":[{"fieldType":"FormField","id":"name","name":"Name","type":"text","value":null,"required":true,"readOnly":false,"overrideId":false,"placeholder":null,"layout":null},{"fieldType":"FormField","id":"birthDate","name":"Birth date","type":"date","value":null,"required":true,"readOnly":false,"overrideId":true,"placeholder":null,"layout":null},{"fieldType":"FormField","id":"amount","name":"Loan Amount","type":"integer","value":null,"required":true,"readOnly":false,"overrideId":true,"placeholder":null,"params":{"mask":""},"layout":null}],"outcomes":[]}}