{"id":"30ee56ed-5149-11ea-b10b-b8ac6fbe44f6","name":"officer1 input form","key":"officer1inputform","description":"officer1 input form","editorJson":{"name":"officer1 input form","key":"officer1inputform","version":0,"fields":[{"fieldType":"FormField","id":"status","name":"status","type":"text","value":null,"required":false,"readOnly":false,"overrideId":false,"placeholder":null,"layout":null},{"fieldType":"FormField","id":"remarks","name":"Remarks","type":"multi-line-text","value":null,"required":false,"readOnly":false,"overrideId":false,"placeholder":null,"layout":null}],"outcomes":[]}}