{"id":"53dd044b-5148-11ea-b10b-b8ac6fbe44f6","name":"otsi-demo input","key":"otsi-demoinput","description":"otsi-demo input form","editorJson":{"name":"otsi-demo input","key":"otsi-demoinput","version":0,"fields":[{"fieldType":"FormField","id":"name","name":"Name","type":"text","value":null,"required":true,"readOnly":false,"overrideId":false,"placeholder":"Name","layout":null},{"fieldType":"FormField","id":"email","name":"Email","type":"text","value":null,"required":true,"readOnly":false,"overrideId":false,"placeholder":"email","layout":null},{"fieldType":"FormField","id":"mobilenumber","name":"Mobile Number","type":"integer","value":null,"required":false,"readOnly":false,"overrideId":false,"placeholder":"mobile","layout":null},{"fieldType":"FormField","id":"aadhar","name":"Aadhar","type":"integer","value":null,"required":false,"readOnly":false,"overrideId":false,"placeholder":"aadhar","layout":null}],"outcomes":[]}}