<?xml version="1.0" encoding="UTF-8"?>
<!-- origin at X=0.0 Y=0.0 -->
<definitions xmlns:xsi="http://www.w3.org/2001/XMLSchema-instance" xmlns="http://www.omg.org/spec/BPMN/20100524/MODEL" xmlns:bpmndi="http://www.omg.org/spec/BPMN/20100524/DI" xmlns:ext="http://org.eclipse.bpmn2/ext" xmlns:flowable="http://flowable.org/bpmn" xmlns:omgdc="http://www.omg.org/spec/DD/20100524/DC" xmlns:omgdi="http://www.omg.org/spec/DD/20100524/DI" xmlns:xsd="http://www.w3.org/2001/XMLSchema" id="Definitions_1" exporter="org.eclipse.bpmn2.modeler.core" exporterVersion="1.4.2.Final-v20171109-1930-B1" targetNamespace="http://www.flowable.org/processdef">
  <itemDefinition id="ItemDefinition_409" isCollection="false" structureRef="xsd:string"/>
  <process id="test" name="A simple process for article review." isExecutable="true">
    <userTask id="reviewArticle" flowable:candidateGroups="shanker" name="Review the submitted tutorial">
      <incoming>SequenceFlow_17</incoming>
      <outgoing>SequenceFlow_2</outgoing>
    </userTask>
    <sequenceFlow id="SequenceFlow_2" name="flow1" sourceRef="reviewArticle" targetRef="decision"/>
    <exclusiveGateway id="decision" name="decision1" gatewayDirection="Diverging">
      <incoming>SequenceFlow_2</incoming>
      <outgoing>SequenceFlow_4</outgoing>
      <outgoing>SequenceFlow_7</outgoing>
      <outgoing>SequenceFlow_13</outgoing>
    </exclusiveGateway>
    <sequenceFlow id="SequenceFlow_4" name="rejected" sourceRef="decision" targetRef="tutorialRejected">
      <conditionExpression xsi:type="tFormalExpression" id="FormalExpression_2">
		        
		          ${status==&quot;rejected&quot;}
		        
			</conditionExpression>
    </sequenceFlow>
    <serviceTask id="tutorialRejected" flowable:class="com.baeldung.service.SendMailService" name="Send out rejection email">
      <incoming>SequenceFlow_4</incoming>
      <outgoing>SequenceFlow_9</outgoing>
    </serviceTask>
    <userTask id="UserTask_1" flowable:candidateGroups="officer" name="Approved" implementation="##unspecified">
      <incoming>SequenceFlow_7</incoming>
      <outgoing>SequenceFlow_11</outgoing>
    </userTask>
    <sequenceFlow id="SequenceFlow_7" name="approved" sourceRef="decision" targetRef="UserTask_1">
      <conditionExpression xsi:type="tFormalExpression" id="FormalExpression_3"> 
      
		          ${status==&quot;approved&quot;}
		        
      </conditionExpression>
    </sequenceFlow>
    <endEvent id="EndEvent_2" name="End Event 2">
      <incoming>SequenceFlow_9</incoming>
    </endEvent>
    <sequenceFlow id="SequenceFlow_9" sourceRef="tutorialRejected" targetRef="EndEvent_2"/>
    <exclusiveGateway id="ExclusiveGateway_1" name="decision2" gatewayDirection="Diverging">
      <incoming>SequenceFlow_11</incoming>
      <outgoing>SequenceFlow_14</outgoing>
      <outgoing>SequenceFlow_3</outgoing>
      <outgoing>SequenceFlow_20</outgoing>
    </exclusiveGateway>
    <sequenceFlow id="SequenceFlow_11" name="flow2" sourceRef="UserTask_1" targetRef="ExclusiveGateway_1"/>
    <serviceTask id="ServiceTask_2" flowable:class="com.baeldung.service.SendMailService" name="send rejection mail">
      <incoming>SequenceFlow_14</incoming>
      <outgoing>SequenceFlow_16</outgoing>
    </serviceTask>
    <sequenceFlow id="SequenceFlow_14" name="Rejected" sourceRef="ExclusiveGateway_1" targetRef="ServiceTask_2">
      <conditionExpression xsi:type="tFormalExpression" id="FormalExpression_5"> 
       
		          ${status==&quot;rejected&quot;}
		        
      </conditionExpression>
    </sequenceFlow>
    <endEvent id="EndEvent_4" name="End Event 4">
      <incoming>SequenceFlow_16</incoming>
    </endEvent>
    <sequenceFlow id="SequenceFlow_16" sourceRef="ServiceTask_2" targetRef="EndEvent_4"/>
    <userTask id="UserTask_2" flowable:candidateGroups="otsi" name="Officer3">
      <incoming>SequenceFlow_3</incoming>
      <outgoing>SequenceFlow_5</outgoing>
    </userTask>
    <sequenceFlow id="SequenceFlow_3" name="approved" sourceRef="ExclusiveGateway_1" targetRef="UserTask_2">
      <conditionExpression xsi:type="tFormalExpression" id="FormalExpression_1">${status==&quot;approved&quot;}</conditionExpression>
    </sequenceFlow>
    <exclusiveGateway id="ExclusiveGateway_2" name="officer3" gatewayDirection="Diverging">
      <incoming>SequenceFlow_5</incoming>
      <outgoing>SequenceFlow_6</outgoing>
      <outgoing>SequenceFlow_8</outgoing>
      <outgoing>SequenceFlow_22</outgoing>
    </exclusiveGateway>
    <sequenceFlow id="SequenceFlow_5" name="Flow3" sourceRef="UserTask_2" targetRef="ExclusiveGateway_2"/>
    <serviceTask id="ServiceTask_3" flowable:class="com.baeldung.service.PublishArticleService" name="send visa details to user">
      <incoming>SequenceFlow_6</incoming>
      <outgoing>SequenceFlow_10</outgoing>
    </serviceTask>
    <sequenceFlow id="SequenceFlow_6" name="approved" sourceRef="ExclusiveGateway_2" targetRef="ServiceTask_3">
      <conditionExpression xsi:type="tFormalExpression" id="FormalExpression_6">${status==&quot;approved&quot;}</conditionExpression>
    </sequenceFlow>
    <serviceTask id="ServiceTask_4" flowable:class="com.baeldung.service.SendMailService" name="send rejection mail">
      <incoming>SequenceFlow_8</incoming>
      <outgoing>SequenceFlow_12</outgoing>
    </serviceTask>
    <sequenceFlow id="SequenceFlow_8" name="rejected" sourceRef="ExclusiveGateway_2" targetRef="ServiceTask_4">
      <conditionExpression xsi:type="tFormalExpression" id="FormalExpression_7">${status==&quot;rejected&quot;}</conditionExpression>
    </sequenceFlow>
    <endEvent id="EndEvent_1" name="End Event 1">
      <incoming>SequenceFlow_10</incoming>
    </endEvent>
    <sequenceFlow id="SequenceFlow_10" sourceRef="ServiceTask_3" targetRef="EndEvent_1"/>
    <endEvent id="EndEvent_5" name="End Event 5">
      <incoming>SequenceFlow_12</incoming>
    </endEvent>
    <sequenceFlow id="SequenceFlow_12" sourceRef="ServiceTask_4" targetRef="EndEvent_5"/>
    <userTask id="UserTask_3" flowable:candidateGroups="madhu" name="User Task 3">
      <incoming>SequenceFlow_13</incoming>
      <outgoing>SequenceFlow_15</outgoing>
    </userTask>
    <sequenceFlow id="SequenceFlow_13" sourceRef="decision" targetRef="UserTask_3">
      <conditionExpression xsi:type="tFormalExpression" id="FormalExpression_4">${status==&quot;resubmit&quot;}</conditionExpression>
    </sequenceFlow>
    <inclusiveGateway id="InclusiveGateway_1" name="Inclusive Gateway 1" gatewayDirection="Converging">
      <incoming>SequenceFlow_15</incoming>
      <incoming>SequenceFlow_18</incoming>
      <incoming>SequenceFlow_21</incoming>
      <outgoing>SequenceFlow_17</outgoing>
    </inclusiveGateway>
    <sequenceFlow id="SequenceFlow_15" sourceRef="UserTask_3" targetRef="InclusiveGateway_1"/>
    <sequenceFlow id="SequenceFlow_17" sourceRef="InclusiveGateway_1" targetRef="reviewArticle"/>
    <startEvent id="StartEvent_1" name="Start Event 1">
      <outgoing>SequenceFlow_18</outgoing>
    </startEvent>
    <sequenceFlow id="SequenceFlow_18" sourceRef="StartEvent_1" targetRef="InclusiveGateway_1"/>
    <userTask id="UserTask_5" flowable:candidateGroups="madhu" name="User Task 5">
      <incoming>SequenceFlow_20</incoming>
      <outgoing>SequenceFlow_21</outgoing>
    </userTask>
    <sequenceFlow id="SequenceFlow_20" sourceRef="ExclusiveGateway_1" targetRef="UserTask_5">
      <conditionExpression xsi:type="tFormalExpression" id="FormalExpression_8">${status==&quot;resubmit&quot;}</conditionExpression>
    </sequenceFlow>
    <sequenceFlow id="SequenceFlow_21" sourceRef="UserTask_5" targetRef="InclusiveGateway_1"/>
    <userTask id="UserTask_6" flowable:candidateGroups="madhu" name="User Task 6">
      <incoming>SequenceFlow_22</incoming>
      <outgoing>SequenceFlow_25</outgoing>
    </userTask>
    <sequenceFlow id="SequenceFlow_22" sourceRef="ExclusiveGateway_2" targetRef="UserTask_6">
      <conditionExpression xsi:type="tFormalExpression" id="FormalExpression_9">${status==&quot;resubmit&quot;}</conditionExpression>
    </sequenceFlow>
    <endEvent id="EndEvent_3" name="End Event 3">
      <incoming>SequenceFlow_25</incoming>
    </endEvent>
    <sequenceFlow id="SequenceFlow_25" sourceRef="UserTask_6" targetRef="EndEvent_3"/>
  </process>
  <bpmndi:BPMNDiagram id="BPMNDiagram_1">
    <bpmndi:BPMNPlane id="BPMNPlane_Process_1" bpmnElement="test">
      <bpmndi:BPMNShape id="BPMNShape_UserTask_1" bpmnElement="reviewArticle">
        <omgdc:Bounds height="50.0" width="110.0" x="136.0" y="195.0"/>
        <bpmndi:BPMNLabel id="BPMNLabel_2" labelStyle="BPMNLabelStyle_1">
          <omgdc:Bounds height="30.0" width="100.0" x="141.0" y="205.0"/>
        </bpmndi:BPMNLabel>
      </bpmndi:BPMNShape>
      <bpmndi:BPMNShape id="BPMNShape_ExclusiveGateway_1" bpmnElement="decision" isMarkerVisible="true">
        <omgdc:Bounds height="50.0" width="50.0" x="296.0" y="195.0"/>
        <bpmndi:BPMNLabel id="BPMNLabel_3" labelStyle="BPMNLabelStyle_1">
          <omgdc:Bounds height="15.0" width="54.0" x="294.0" y="245.0"/>
        </bpmndi:BPMNLabel>
      </bpmndi:BPMNShape>
      <bpmndi:BPMNShape id="BPMNShape_ServiceTask_2" bpmnElement="tutorialRejected">
        <omgdc:Bounds height="50.0" width="110.0" x="396.0" y="245.0"/>
        <bpmndi:BPMNLabel id="BPMNLabel_5" labelStyle="BPMNLabelStyle_1">
          <omgdc:Bounds height="30.0" width="109.0" x="396.0" y="255.0"/>
        </bpmndi:BPMNLabel>
      </bpmndi:BPMNShape>
      <bpmndi:BPMNShape id="BPMNShape_UserTask_2" bpmnElement="UserTask_1" isExpanded="true">
        <omgdc:Bounds height="50.0" width="110.0" x="390.0" y="120.0"/>
        <bpmndi:BPMNLabel id="BPMNLabel_13" labelStyle="BPMNLabelStyle_1">
          <omgdc:Bounds height="15.0" width="51.0" x="419.0" y="137.0"/>
        </bpmndi:BPMNLabel>
      </bpmndi:BPMNShape>
      <bpmndi:BPMNShape id="BPMNShape_EndEvent_3" bpmnElement="EndEvent_2">
        <omgdc:Bounds height="36.0" width="36.0" x="575.0" y="310.0"/>
        <bpmndi:BPMNLabel id="BPMNLabel_18" labelStyle="BPMNLabelStyle_1">
          <omgdc:Bounds height="15.0" width="65.0" x="561.0" y="346.0"/>
        </bpmndi:BPMNLabel>
      </bpmndi:BPMNShape>
      <bpmndi:BPMNShape id="BPMNShape_ExclusiveGateway_2" bpmnElement="ExclusiveGateway_1" isMarkerVisible="true">
        <omgdc:Bounds height="50.0" width="50.0" x="575.0" y="120.0"/>
        <bpmndi:BPMNLabel id="BPMNLabel_20" labelStyle="BPMNLabelStyle_1">
          <omgdc:Bounds height="15.0" width="54.0" x="573.0" y="170.0"/>
        </bpmndi:BPMNLabel>
      </bpmndi:BPMNShape>
      <bpmndi:BPMNShape id="BPMNShape_ServiceTask_4" bpmnElement="ServiceTask_2" isExpanded="true">
        <omgdc:Bounds height="50.0" width="110.0" x="670.0" y="220.0"/>
        <bpmndi:BPMNLabel id="BPMNLabel_24" labelStyle="BPMNLabelStyle_1">
          <omgdc:Bounds height="15.0" width="105.0" x="672.0" y="237.0"/>
        </bpmndi:BPMNLabel>
      </bpmndi:BPMNShape>
      <bpmndi:BPMNShape id="BPMNShape_EndEvent_5" bpmnElement="EndEvent_4">
        <omgdc:Bounds height="36.0" width="36.0" x="825.0" y="227.0"/>
        <bpmndi:BPMNLabel id="BPMNLabel_28" labelStyle="BPMNLabelStyle_1">
          <omgdc:Bounds height="15.0" width="65.0" x="811.0" y="263.0"/>
        </bpmndi:BPMNLabel>
      </bpmndi:BPMNShape>
      <bpmndi:BPMNShape id="BPMNShape_UserTask_3" bpmnElement="UserTask_2" isExpanded="true">
        <omgdc:Bounds height="50.0" width="110.0" x="730.0" y="120.0"/>
        <bpmndi:BPMNLabel id="BPMNLabel_4" labelStyle="BPMNLabelStyle_1">
          <omgdc:Bounds height="15.0" width="42.0" x="764.0" y="137.0"/>
        </bpmndi:BPMNLabel>
      </bpmndi:BPMNShape>
      <bpmndi:BPMNShape id="BPMNShape_ExclusiveGateway_3" bpmnElement="ExclusiveGateway_2" isMarkerVisible="true">
        <omgdc:Bounds height="50.0" width="50.0" x="915.0" y="120.0"/>
        <bpmndi:BPMNLabel id="BPMNLabel_9" labelStyle="BPMNLabelStyle_1">
          <omgdc:Bounds height="15.0" width="40.0" x="920.0" y="170.0"/>
        </bpmndi:BPMNLabel>
      </bpmndi:BPMNShape>
      <bpmndi:BPMNShape id="BPMNShape_ServiceTask_1" bpmnElement="ServiceTask_3" isExpanded="true">
        <omgdc:Bounds height="50.0" width="110.0" x="1070.0" y="120.0"/>
        <bpmndi:BPMNLabel id="BPMNLabel_12" labelStyle="BPMNLabelStyle_1">
          <omgdc:Bounds height="30.0" width="101.0" x="1074.0" y="130.0"/>
        </bpmndi:BPMNLabel>
      </bpmndi:BPMNShape>
      <bpmndi:BPMNShape id="BPMNShape_ServiceTask_5" bpmnElement="ServiceTask_4" isExpanded="true">
        <omgdc:Bounds height="50.0" width="110.0" x="1070.0" y="220.0"/>
        <bpmndi:BPMNLabel id="BPMNLabel_16" labelStyle="BPMNLabelStyle_1">
          <omgdc:Bounds height="15.0" width="105.0" x="1072.0" y="237.0"/>
        </bpmndi:BPMNLabel>
      </bpmndi:BPMNShape>
      <bpmndi:BPMNShape id="BPMNShape_EndEvent_1" bpmnElement="EndEvent_1">
        <omgdc:Bounds height="36.0" width="36.0" x="1248.0" y="127.0"/>
        <bpmndi:BPMNLabel id="BPMNLabel_30" labelStyle="BPMNLabelStyle_1">
          <omgdc:Bounds height="15.0" width="65.0" x="1234.0" y="163.0"/>
        </bpmndi:BPMNLabel>
      </bpmndi:BPMNShape>
      <bpmndi:BPMNShape id="BPMNShape_EndEvent_2" bpmnElement="EndEvent_5">
        <omgdc:Bounds height="36.0" width="36.0" x="1248.0" y="227.0"/>
        <bpmndi:BPMNLabel id="BPMNLabel_32" labelStyle="BPMNLabelStyle_1">
          <omgdc:Bounds height="15.0" width="65.0" x="1234.0" y="263.0"/>
        </bpmndi:BPMNLabel>
      </bpmndi:BPMNShape>
      <bpmndi:BPMNShape id="BPMNShape_UserTask_4" bpmnElement="UserTask_3" isExpanded="true">
        <omgdc:Bounds height="50.0" width="110.0" x="266.0" y="363.0"/>
        <bpmndi:BPMNLabel id="BPMNLabel_22" labelStyle="BPMNLabelStyle_1">
          <omgdc:Bounds height="15.0" width="67.0" x="287.0" y="380.0"/>
        </bpmndi:BPMNLabel>
      </bpmndi:BPMNShape>
      <bpmndi:BPMNShape id="BPMNShape_InclusiveGateway_1" bpmnElement="InclusiveGateway_1" isMarkerVisible="true">
        <omgdc:Bounds height="50.0" width="50.0" x="50.0" y="195.0"/>
        <bpmndi:BPMNLabel id="BPMNLabel_26" labelStyle="BPMNLabelStyle_1">
          <omgdc:Bounds height="30.0" width="57.0" x="47.0" y="245.0"/>
        </bpmndi:BPMNLabel>
      </bpmndi:BPMNShape>
      <bpmndi:BPMNShape id="BPMNShape_StartEvent_2" bpmnElement="StartEvent_1">
        <omgdc:Bounds height="36.0" width="36.0" x="57.0" y="120.0"/>
        <bpmndi:BPMNLabel id="BPMNLabel_35" labelStyle="BPMNLabelStyle_1">
          <omgdc:Bounds height="15.0" width="68.0" x="41.0" y="156.0"/>
        </bpmndi:BPMNLabel>
      </bpmndi:BPMNShape>
      <bpmndi:BPMNShape id="BPMNShape_UserTask_6" bpmnElement="UserTask_5" isExpanded="true">
        <omgdc:Bounds height="50.0" width="110.0" x="552.0" y="7.0"/>
        <bpmndi:BPMNLabel id="BPMNLabel_37" labelStyle="BPMNLabelStyle_1">
          <omgdc:Bounds height="15.0" width="67.0" x="573.0" y="24.0"/>
        </bpmndi:BPMNLabel>
      </bpmndi:BPMNShape>
      <bpmndi:BPMNShape id="BPMNShape_UserTask_7" bpmnElement="UserTask_6" isExpanded="true">
        <omgdc:Bounds height="50.0" width="110.0" x="764.0" y="10.0"/>
        <bpmndi:BPMNLabel id="BPMNLabel_40" labelStyle="BPMNLabelStyle_1">
          <omgdc:Bounds height="15.0" width="67.0" x="785.0" y="27.0"/>
        </bpmndi:BPMNLabel>
      </bpmndi:BPMNShape>
      <bpmndi:BPMNShape id="BPMNShape_EndEvent_4" bpmnElement="EndEvent_3">
        <omgdc:Bounds height="36.0" width="36.0" x="942.0" y="17.0"/>
        <bpmndi:BPMNLabel id="BPMNLabel_43" labelStyle="BPMNLabelStyle_1">
          <omgdc:Bounds height="15.0" width="65.0" x="928.0" y="53.0"/>
        </bpmndi:BPMNLabel>
      </bpmndi:BPMNShape>
      <bpmndi:BPMNEdge id="BPMNEdge_SequenceFlow_2" bpmnElement="SequenceFlow_2" sourceElement="BPMNShape_UserTask_1" targetElement="BPMNShape_ExclusiveGateway_1">
        <omgdi:waypoint xsi:type="omgdc:Point" x="246.0" y="220.0"/>
        <omgdi:waypoint xsi:type="omgdc:Point" x="271.0" y="220.0"/>
        <omgdi:waypoint xsi:type="omgdc:Point" x="296.0" y="220.0"/>
        <bpmndi:BPMNLabel id="BPMNLabel_8">
          <omgdc:Bounds height="15.0" width="29.0" x="257.0" y="221.0"/>
        </bpmndi:BPMNLabel>
      </bpmndi:BPMNEdge>
      <bpmndi:BPMNEdge id="BPMNEdge_SequenceFlow_4" bpmnElement="SequenceFlow_4" sourceElement="BPMNShape_ExclusiveGateway_1" targetElement="BPMNShape_ServiceTask_2">
        <omgdi:waypoint xsi:type="omgdc:Point" x="346.0" y="220.0"/>
        <omgdi:waypoint xsi:type="omgdc:Point" x="348.0" y="220.0"/>
        <omgdi:waypoint xsi:type="omgdc:Point" x="348.0" y="270.0"/>
        <omgdi:waypoint xsi:type="omgdc:Point" x="396.0" y="270.0"/>
        <bpmndi:BPMNLabel id="BPMNLabel_10">
          <omgdc:Bounds height="15.0" width="44.0" x="327.0" y="269.0"/>
        </bpmndi:BPMNLabel>
      </bpmndi:BPMNEdge>
      <bpmndi:BPMNEdge id="BPMNEdge_SequenceFlow_7" bpmnElement="SequenceFlow_7" sourceElement="BPMNShape_ExclusiveGateway_1" targetElement="BPMNShape_UserTask_2">
        <omgdi:waypoint xsi:type="omgdc:Point" x="321.0" y="195.0"/>
        <omgdi:waypoint xsi:type="omgdc:Point" x="321.0" y="145.0"/>
        <omgdi:waypoint xsi:type="omgdc:Point" x="390.0" y="145.0"/>
        <bpmndi:BPMNLabel id="BPMNLabel_14">
          <omgdc:Bounds height="15.0" width="51.0" x="306.0" y="146.0"/>
        </bpmndi:BPMNLabel>
      </bpmndi:BPMNEdge>
      <bpmndi:BPMNEdge id="BPMNEdge_SequenceFlow_9" bpmnElement="SequenceFlow_9" sourceElement="BPMNShape_ServiceTask_2" targetElement="BPMNShape_EndEvent_3">
        <omgdi:waypoint xsi:type="omgdc:Point" x="506.0" y="270.0"/>
        <omgdi:waypoint xsi:type="omgdc:Point" x="593.0" y="270.0"/>
        <omgdi:waypoint xsi:type="omgdc:Point" x="593.0" y="310.0"/>
        <bpmndi:BPMNLabel id="BPMNLabel_19"/>
      </bpmndi:BPMNEdge>
      <bpmndi:BPMNEdge id="BPMNEdge_SequenceFlow_11" bpmnElement="SequenceFlow_11" sourceElement="BPMNShape_UserTask_2" targetElement="BPMNShape_ExclusiveGateway_2">
        <omgdi:waypoint xsi:type="omgdc:Point" x="500.0" y="145.0"/>
        <omgdi:waypoint xsi:type="omgdc:Point" x="537.0" y="145.0"/>
        <omgdi:waypoint xsi:type="omgdc:Point" x="575.0" y="145.0"/>
        <bpmndi:BPMNLabel id="BPMNLabel_21">
          <omgdc:Bounds height="15.0" width="29.0" x="524.0" y="146.0"/>
        </bpmndi:BPMNLabel>
      </bpmndi:BPMNEdge>
      <bpmndi:BPMNEdge id="BPMNEdge_SequenceFlow_14" bpmnElement="SequenceFlow_14" sourceElement="BPMNShape_ExclusiveGateway_2" targetElement="BPMNShape_ServiceTask_4">
        <omgdi:waypoint xsi:type="omgdc:Point" x="600.0" y="170.0"/>
        <omgdi:waypoint xsi:type="omgdc:Point" x="600.0" y="245.0"/>
        <omgdi:waypoint xsi:type="omgdc:Point" x="670.0" y="245.0"/>
        <bpmndi:BPMNLabel id="BPMNLabel_25">
          <omgdc:Bounds height="15.0" width="49.0" x="576.0" y="244.0"/>
        </bpmndi:BPMNLabel>
      </bpmndi:BPMNEdge>
      <bpmndi:BPMNEdge id="BPMNEdge_SequenceFlow_16" bpmnElement="SequenceFlow_16" sourceElement="BPMNShape_ServiceTask_4" targetElement="BPMNShape_EndEvent_5">
        <omgdi:waypoint xsi:type="omgdc:Point" x="780.0" y="245.0"/>
        <omgdi:waypoint xsi:type="omgdc:Point" x="802.0" y="245.0"/>
        <omgdi:waypoint xsi:type="omgdc:Point" x="825.0" y="245.0"/>
        <bpmndi:BPMNLabel id="BPMNLabel_29"/>
      </bpmndi:BPMNEdge>
      <bpmndi:BPMNEdge id="BPMNEdge_SequenceFlow_3" bpmnElement="SequenceFlow_3" sourceElement="BPMNShape_ExclusiveGateway_2" targetElement="BPMNShape_UserTask_3">
        <omgdi:waypoint xsi:type="omgdc:Point" x="625.0" y="145.0"/>
        <omgdi:waypoint xsi:type="omgdc:Point" x="677.0" y="145.0"/>
        <omgdi:waypoint xsi:type="omgdc:Point" x="730.0" y="145.0"/>
        <bpmndi:BPMNLabel id="BPMNLabel_6">
          <omgdc:Bounds height="15.0" width="51.0" x="653.0" y="146.0"/>
        </bpmndi:BPMNLabel>
      </bpmndi:BPMNEdge>
      <bpmndi:BPMNEdge id="BPMNEdge_SequenceFlow_5" bpmnElement="SequenceFlow_5" sourceElement="BPMNShape_UserTask_3" targetElement="BPMNShape_ExclusiveGateway_3">
        <omgdi:waypoint xsi:type="omgdc:Point" x="840.0" y="145.0"/>
        <omgdi:waypoint xsi:type="omgdc:Point" x="877.0" y="145.0"/>
        <omgdi:waypoint xsi:type="omgdc:Point" x="915.0" y="145.0"/>
        <bpmndi:BPMNLabel id="BPMNLabel_11">
          <omgdc:Bounds height="15.0" width="33.0" x="862.0" y="146.0"/>
        </bpmndi:BPMNLabel>
      </bpmndi:BPMNEdge>
      <bpmndi:BPMNEdge id="BPMNEdge_SequenceFlow_6" bpmnElement="SequenceFlow_6" sourceElement="BPMNShape_ExclusiveGateway_3" targetElement="BPMNShape_ServiceTask_1">
        <omgdi:waypoint xsi:type="omgdc:Point" x="965.0" y="145.0"/>
        <omgdi:waypoint xsi:type="omgdc:Point" x="1017.0" y="145.0"/>
        <omgdi:waypoint xsi:type="omgdc:Point" x="1070.0" y="145.0"/>
        <bpmndi:BPMNLabel id="BPMNLabel_15">
          <omgdc:Bounds height="15.0" width="51.0" x="993.0" y="146.0"/>
        </bpmndi:BPMNLabel>
      </bpmndi:BPMNEdge>
      <bpmndi:BPMNEdge id="BPMNEdge_SequenceFlow_8" bpmnElement="SequenceFlow_8" sourceElement="BPMNShape_ExclusiveGateway_3" targetElement="BPMNShape_ServiceTask_5">
        <omgdi:waypoint xsi:type="omgdc:Point" x="940.0" y="170.0"/>
        <omgdi:waypoint xsi:type="omgdc:Point" x="940.0" y="245.0"/>
        <omgdi:waypoint xsi:type="omgdc:Point" x="1070.0" y="245.0"/>
        <bpmndi:BPMNLabel id="BPMNLabel_17">
          <omgdc:Bounds height="15.0" width="44.0" x="947.0" y="246.0"/>
        </bpmndi:BPMNLabel>
      </bpmndi:BPMNEdge>
      <bpmndi:BPMNEdge id="BPMNEdge_SequenceFlow_10" bpmnElement="SequenceFlow_10" sourceElement="BPMNShape_ServiceTask_1" targetElement="BPMNShape_EndEvent_1">
        <omgdi:waypoint xsi:type="omgdc:Point" x="1180.0" y="145.0"/>
        <omgdi:waypoint xsi:type="omgdc:Point" x="1214.0" y="145.0"/>
        <omgdi:waypoint xsi:type="omgdc:Point" x="1248.0" y="145.0"/>
        <bpmndi:BPMNLabel id="BPMNLabel_31"/>
      </bpmndi:BPMNEdge>
      <bpmndi:BPMNEdge id="BPMNEdge_SequenceFlow_12" bpmnElement="SequenceFlow_12" sourceElement="BPMNShape_ServiceTask_5" targetElement="BPMNShape_EndEvent_2">
        <omgdi:waypoint xsi:type="omgdc:Point" x="1180.0" y="245.0"/>
        <omgdi:waypoint xsi:type="omgdc:Point" x="1214.0" y="245.0"/>
        <omgdi:waypoint xsi:type="omgdc:Point" x="1248.0" y="245.0"/>
        <bpmndi:BPMNLabel id="BPMNLabel_33"/>
      </bpmndi:BPMNEdge>
      <bpmndi:BPMNEdge id="BPMNEdge_SequenceFlow_13" bpmnElement="SequenceFlow_13" sourceElement="BPMNShape_ExclusiveGateway_1" targetElement="BPMNShape_UserTask_4">
        <omgdi:waypoint xsi:type="omgdc:Point" x="321.0" y="245.0"/>
        <omgdi:waypoint xsi:type="omgdc:Point" x="321.0" y="304.0"/>
        <omgdi:waypoint xsi:type="omgdc:Point" x="321.0" y="363.0"/>
        <bpmndi:BPMNLabel id="BPMNLabel_23"/>
      </bpmndi:BPMNEdge>
      <bpmndi:BPMNEdge id="BPMNEdge_SequenceFlow_15" bpmnElement="SequenceFlow_15" sourceElement="BPMNShape_UserTask_4" targetElement="BPMNShape_InclusiveGateway_1">
        <omgdi:waypoint xsi:type="omgdc:Point" x="266.0" y="388.0"/>
        <omgdi:waypoint xsi:type="omgdc:Point" x="75.0" y="388.0"/>
        <omgdi:waypoint xsi:type="omgdc:Point" x="75.0" y="245.0"/>
        <bpmndi:BPMNLabel id="BPMNLabel_27"/>
      </bpmndi:BPMNEdge>
      <bpmndi:BPMNEdge id="BPMNEdge_SequenceFlow_17" bpmnElement="SequenceFlow_17" sourceElement="BPMNShape_InclusiveGateway_1" targetElement="BPMNShape_UserTask_1">
        <omgdi:waypoint xsi:type="omgdc:Point" x="100.0" y="220.0"/>
        <omgdi:waypoint xsi:type="omgdc:Point" x="118.0" y="220.0"/>
        <omgdi:waypoint xsi:type="omgdc:Point" x="136.0" y="220.0"/>
        <bpmndi:BPMNLabel id="BPMNLabel_34"/>
      </bpmndi:BPMNEdge>
      <bpmndi:BPMNEdge id="BPMNEdge_SequenceFlow_18" bpmnElement="SequenceFlow_18" sourceElement="BPMNShape_StartEvent_2" targetElement="BPMNShape_InclusiveGateway_1">
        <omgdi:waypoint xsi:type="omgdc:Point" x="75.0" y="156.0"/>
        <omgdi:waypoint xsi:type="omgdc:Point" x="75.0" y="175.0"/>
        <omgdi:waypoint xsi:type="omgdc:Point" x="75.0" y="195.0"/>
        <bpmndi:BPMNLabel id="BPMNLabel_36"/>
      </bpmndi:BPMNEdge>
      <bpmndi:BPMNEdge id="BPMNEdge_SequenceFlow_20" bpmnElement="SequenceFlow_20" sourceElement="BPMNShape_ExclusiveGateway_2" targetElement="BPMNShape_UserTask_6">
        <omgdi:waypoint xsi:type="omgdc:Point" x="600.0" y="120.0"/>
        <omgdi:waypoint xsi:type="omgdc:Point" x="600.0" y="89.0"/>
        <omgdi:waypoint xsi:type="omgdc:Point" x="607.0" y="89.0"/>
        <omgdi:waypoint xsi:type="omgdc:Point" x="607.0" y="57.0"/>
        <bpmndi:BPMNLabel id="BPMNLabel_38"/>
      </bpmndi:BPMNEdge>
      <bpmndi:BPMNEdge id="BPMNEdge_SequenceFlow_21" bpmnElement="SequenceFlow_21" sourceElement="BPMNShape_UserTask_6" targetElement="BPMNShape_InclusiveGateway_1">
        <omgdi:waypoint xsi:type="omgdc:Point" x="552.0" y="32.0"/>
        <omgdi:waypoint xsi:type="omgdc:Point" x="40.0" y="32.0"/>
        <omgdi:waypoint xsi:type="omgdc:Point" x="40.0" y="220.0"/>
        <omgdi:waypoint xsi:type="omgdc:Point" x="50.0" y="220.0"/>
        <bpmndi:BPMNLabel id="BPMNLabel_39"/>
      </bpmndi:BPMNEdge>
      <bpmndi:BPMNEdge id="BPMNEdge_SequenceFlow_22" bpmnElement="SequenceFlow_22" sourceElement="BPMNShape_ExclusiveGateway_3" targetElement="BPMNShape_UserTask_7">
        <omgdi:waypoint xsi:type="omgdc:Point" x="940.0" y="120.0"/>
        <omgdi:waypoint xsi:type="omgdc:Point" x="940.0" y="35.0"/>
        <omgdi:waypoint xsi:type="omgdc:Point" x="874.0" y="35.0"/>
        <bpmndi:BPMNLabel id="BPMNLabel_41"/>
      </bpmndi:BPMNEdge>
      <bpmndi:BPMNEdge id="BPMNEdge_SequenceFlow_25" bpmnElement="SequenceFlow_25" sourceElement="BPMNShape_UserTask_7" targetElement="BPMNShape_EndEvent_4">
        <omgdi:waypoint xsi:type="omgdc:Point" x="819.0" y="10.0"/>
        <omgdi:waypoint xsi:type="omgdc:Point" x="819.0" y="0.0"/>
        <omgdi:waypoint xsi:type="omgdc:Point" x="960.0" y="0.0"/>
        <omgdi:waypoint xsi:type="omgdc:Point" x="960.0" y="17.0"/>
        <bpmndi:BPMNLabel id="BPMNLabel_44"/>
      </bpmndi:BPMNEdge>
    </bpmndi:BPMNPlane>
    <bpmndi:BPMNLabelStyle id="BPMNLabelStyle_1">
      <omgdc:Font name="arial" size="9.0"/>
    </bpmndi:BPMNLabelStyle>
  </bpmndi:BPMNDiagram>
</definitions>