<?xml version="1.0" encoding="UTF-8"?>
<beans xmlns="http://www.springframework.org/schema/beans"
	xmlns:c="http://www.springframework.org/schema/c"
	xmlns:xsi="http://www.w3.org/2001/XMLSchema-instance" xmlns:aop="http://www.springframework.org/schema/aop"
	xmlns:cache="http://www.springframework.org/schema/cache"
	xmlns:context="http://www.springframework.org/schema/context"
	xmlns:jee="http://www.springframework.org/schema/jee" xmlns:lang="http://www.springframework.org/schema/lang"
	xmlns:p="http://www.springframework.org/schema/p" xmlns:tx="http://www.springframework.org/schema/tx"
	xmlns:util="http://www.springframework.org/schema/util" xmlns:task="http://www.springframework.org/schema/task"
	xmlns:int="http://www.springframework.org/schema/integration"
    xmlns:int-ftp="http://www.springframework.org/schema/integration/ftp"
	xsi:schemaLocation="http://www.springframework.org/schema/beans 
	http://www.springframework.org/schema/beans/spring-beans.xsd
        http://www.springframework.org/schema/aop 
        http://www.springframework.org/schema/aop/spring-aop.xsd 
        http://www.springframework.org/schema/context 
        http://www.springframework.org/schema/context/spring-context.xsd 
        http://www.springframework.org/schema/jee 
        http://www.springframework.org/schema/jee/spring-jee.xsd 
        http://www.springframework.org/schema/lang 
        http://www.springframework.org/schema/lang/spring-lang.xsd 
        http://www.springframework.org/schema/tx 
        http://www.springframework.org/schema/tx/spring-tx.xsd 
        http://www.springframework.org/schema/util 
        http://www.springframework.org/schema/util/spring-util.xsd
        http://www.springframework.org/schema/cache 
        http://www.springframework.org/schema/cache/spring-cache.xsd 
        http://www.springframework.org/schema/task 
        http://www.springframework.org/schema/task/spring-task-4.0.xsd
     	http://www.springframework.org/schema/integration/ftp http://www.springframework.org/schema/integration/ftp/spring-integration-ftp.xsd">

	<context:annotation-config />	
	<context:component-scan base-package="exceltocsv,files,triggerCalls">
		<context:include-filter type="annotation"
			expression="org.aspectj.lang.annotation.Aspect" />
	</context:component-scan>
	<context:property-placeholder location="classpath:jdbc.properties"
		ignore-unresolvable="true" />
	
	<context:property-placeholder location="classpath:files.properties"
		ignore-unresolvable="true" />
	
	<!-- AOP Annotation -->
	<aop:aspectj-autoproxy />

	<!-- Caching Annotation -->
	<!-- <cache:annotation-driven /> -->


 <bean id="executorService" class="java.util.concurrent.Executors"
factory-method="newFixedThreadPool">
<constructor-arg value="10" />
</bean>

<task:executor id="executorService" pool-size="10" />

<task:annotation-driven executor="executorService" />
	

	<bean id="jdbcTemplate" class="org.springframework.jdbc.core.JdbcTemplate"
		scope="singleton">
		<property name="dataSource" ref="dataSource" />
	</bean>

	<bean id="dataSource" class="org.apache.tomcat.jdbc.pool.DataSource"
		destroy-method="close" p:driverClassName="${jdbc.driverClassName}"
		p:url="${jdbc.databaseurl}" p:username="${jdbc.username}" p:password="${jdbc.password}"
		p:initialSize="${jdbc.initialSize}" p:minIdle="${jdbc.minIdle}"
		p:maxIdle="${jdbc.maxIdle}" p:maxActive="${jdbc.maxActive}" p:maxWait="${jdbc.maxWait}"
		p:removeAbandoned="${jdbc.removeAbandoned}" p:removeAbandonedTimeout="${jdbc.removeAbandonedTimeout}"
		p:logAbandoned="${jdbc.logAbandoned}" p:testOnBorrow="${jdbc.testOnBorrow}"
		p:testOnReturn="${jdbc.testOnReturn}" p:testWhileIdle="${jdbc.testWhileIdle}"
		p:timeBetweenEvictionRunsMillis="${jdbc.timeBetweenEvictionRunsMillis}"
		p:minEvictableIdleTimeMillis="${jdbc.minEvictableIdleTimeMillis}"
		p:validationQuery="${jdbc.validationQuery}" scope="singleton" />

	<bean id="sessionFactory"
		class="org.springframework.orm.hibernate5.LocalSessionFactoryBean"
		scope="singleton">
		<property name="dataSource" ref="dataSource"></property>
		<property name="annotatedClasses">
		<list>
			<value>files.model.ProcessFiles</value>
			<value>files.model.FileMapping</value>		
			<value>files.model.FailedFiles</value>	
			
		</list>
		</property>
		<property name="hibernateProperties">
			<props>
				<prop key="hibernate.dialect">${jdbc.dialect}</prop>
				<prop key="hibernate.show_sql">false</prop>
				<prop key="hibernate.format_sql">true</prop>
				<prop key="hibernate.use_sql_comments">true</prop>
				<prop key="hibernate.generate_statistics">true</prop>
				<prop key="hibernate.dbcp.initialSize">${jdbc.initialSize}</prop>
				<prop key="hibernate.dbcp.maxActive">${jdbc.maxActive}</prop>
				<prop key="hibernate.dbcp.maxIdle">${jdbc.maxIdle}</prop>
				<prop key="hibernate.dbcp.minIdle">${jdbc.minIdle}</prop>
				<prop key="hibernate.id.new_generator_mappings">false</prop>
				<prop key="hibernate.hbm2ddl.auto">update</prop>
				
			</props>
		</property>
	</bean>

	<tx:annotation-driven transaction-manager="transactionManager" />

	<bean id="transactionManager"
		class="org.springframework.orm.hibernate5.HibernateTransactionManager"
		scope="singleton">
		<property name="sessionFactory" ref="sessionFactory" />
	</bean>
   
	
    
    <bean id="filesLocation" class="files.model.FilesLocation">
    	<property name="officeLoc" value="${files.officeLoc}"></property>
    	<property name="dumpedFiles" value="${files.dumpedFiles}"></property>
    	<property name="csvFiles" value="${files.csvFiles}"></property>
    	<property name="excelFiles" value="${files.excelFiles}"></property>
    	<property name="testFiles" value="${files.testFiles}"></property>
    	<property name="pendingFiles" value="${files.pendingFiles}"></property>
    	<property name="successFiles" value="${files.successFiles}"></property>
    	<property name="failedFiles" value="${files.failedFiles}"></property>
    	<property name="csvfilesToUpload" value="${files.csvfilesToUpload}"></property>    	
    	<property name="processedFiles" value="${files.processedFiles}"></property>    
    </bean>
 <!--  hive -->
	<!-- <context:property-placeholder location="hive.properties"/>
    basic Hive driver bean
    <bean id="hive-driver" class="org.apache.hadoop.hive.jdbc.HiveDriver"/>

    wrapping a basic datasource around the driver
    notice the 'c:' namespace (available in Spring 3.1+) for inlining constructor arguments, 
         in this case the url (default is 'jdbc:hive://localhost:10000/default')
    <bean id="hive-ds" class="org.springframework.jdbc.datasource.SimpleDriverDataSource"
       c:driver-ref="hive-driver" c:url="${hive.url}"/>

    standard JdbcTemplate declaration
    <bean id="hiveTemplate" class="org.springframework.jdbc.core.JdbcTemplate" c:data-source-ref="hive-ds"/>
		
	wire hive template into a bean
	<bean id="someBean" class="org.SomeClass" p:hive-template-ref="hiveTemplate"/>
	
 -->	
 
</beans>